emoji=阿森松岛TT,🇦🇨
emoji=安道尔TT,🇦🇩
emoji=阿拉伯TT,🇦🇪
emoji=阿联酋TT,🇦🇪
emoji=阿富汗TT,🇦🇫
emoji=安提瓜和巴布达TT,🇦🇬
emoji=安圭拉TT,🇦🇮
emoji=阿尔巴尼亚TT,🇦🇱
emoji=亚美尼亚TT,🇦🇲
emoji=安哥拉TT,🇦🇴
emoji=南极洲TT,🇦🇶
emoji=阿根廷TT,🇦🇷
emoji=美属萨摩亚TT,🇦🇸
emoji=奥地利TT,🇦🇹
emoji=澳大利亚TT,🇦🇺
emoji=澳州TT,🇦🇺
emoji=澳洲TT,🇦🇺
emoji=阿鲁巴TT,🇦🇼
emoji=奥兰TT,🇦🇽
emoji=阿塞拜疆TT,🇦🇿
emoji=波斯尼亚和黑塞哥维那TT,🇧🇦
emoji=巴巴多斯TT,🇧🇧
emoji=孟加拉TT,🇧🇩
emoji=比利时TT,🇧🇪
emoji=布基纳法索TT,🇧🇫
emoji=保加利亚TT,🇧🇬
emoji=巴林TT,🇧🇭
emoji=布隆迪TT,🇧🇮
emoji=贝宁TT,🇧🇯
emoji=圣巴泰勒米TT,🇧🇱
emoji=百慕大TT,🇧🇲
emoji=文莱TT,🇧🇳
emoji=玻利维亚TT,🇧🇴
emoji=荷属加勒比区TT,🇧🇶
emoji=巴西TT,🇧🇷
emoji=巴哈马TT,🇧🇸
emoji=不丹TT,🇧🇹
emoji=布韦岛TT,🇧🇻
emoji=博茨瓦纳TT,🇧🇼
emoji=白俄罗斯TT,🇧🇾
emoji=伯利兹TT,🇧🇿
emoji=加拿大TT,🇨🇦
emoji=科科斯TT,🇨🇨
emoji=刚果TT,🇨🇩
emoji=中非TT,🇨🇫
emoji=刚果TT,🇨🇬
emoji=瑞士TT,🇨🇭
emoji=科特迪瓦TT,🇨🇮
emoji=库克TT,🇨🇰
emoji=智利TT,🇨🇱
emoji=喀麦隆TT,🇨🇲
emoji=中国TT,🇨🇳
emoji=哥伦比亚TT,🇨🇴
emoji=克利珀顿岛TT,🇨🇵
emoji=哥斯达黎加TT,🇨🇷
emoji=古巴TT,🇨🇺
emoji=佛得角TT,🇨🇻
emoji=库拉索TT,🇨🇼
emoji=圣诞岛TT,🇨🇽
emoji=塞浦路斯TT,🇨🇾
emoji=捷克TT,🇨🇿
emoji=德国TT,🇩🇪
emoji=迪戈加西亚岛TT,🇩🇬
emoji=吉布提TT,🇩🇯
emoji=丹麦TT,🇩🇰
emoji=多米尼克TT,🇩🇲
emoji=多米尼加TT,🇩🇴
emoji=阿尔及利亚TT,🇩🇿
emoji=休达及梅利利亚TT,🇪🇦
emoji=厄瓜多尔TT,🇪🇨
emoji=爱沙尼亚TT,🇪🇪
emoji=埃及TT,🇪🇬
emoji=西撒哈拉TT,🇪🇭
emoji=厄立特里亚TT,🇪🇷
emoji=西班牙TT,🇪🇸
emoji=埃塞俄比亚TT,🇪🇹
emoji=欧盟TT,🇪🇺
emoji=芬兰TT,🇫🇮
emoji=斐济TT,🇫🇯
emoji=福克兰TT,🇫🇰
emoji=密克罗尼西亚TT,🇫🇲
emoji=法罗TT,🇫🇴
emoji=法国TT,🇫🇷
emoji=加蓬TT,🇬🇦
emoji=英国TT,🇬🇧
emoji=格林纳达TT,🇬🇩
emoji=格鲁吉亚TT,🇬🇪
emoji=法属圭亚那TT,🇬🇫
emoji=根西岛TT,🇬🇬
emoji=加纳TT,🇬🇭
emoji=直布罗陀TT,🇬🇮
emoji=格陵兰TT,🇬🇱
emoji=冈比亚TT,🇬🇲
emoji=几内亚TT,🇬🇳
emoji=瓜德罗普TT,🇬🇵
emoji=赤道几内亚TT,🇬🇶
emoji=希腊TT,🇬🇷
emoji=南乔治亚和南桑威奇TT,🇬🇸
emoji=危地马拉TT,🇬🇹
emoji=关岛TT,🇬🇺
emoji=几内亚比绍TT,🇬🇼
emoji=圭亚那TT,🇬🇾
emoji=香港TT,🇭🇰
emoji=赫德岛和麦克唐纳TT,🇭🇲
emoji=洪都拉斯TT,🇭🇳
emoji=克罗地亚TT,🇭🇷
emoji=海地TT,🇭🇹
emoji=匈牙利TT,🇭🇺
emoji=加纳利TT,🇮🇨
emoji=印度尼西亚TT,🇮🇩
emoji=爱尔兰TT,🇮🇪
emoji=以色列TT,🇮🇱
emoji=马恩岛TT,🇮🇲
emoji=印度TT,🇮🇳
emoji=英属印度洋领地TT,🇮🇴
emoji=伊拉克TT,🇮🇶
emoji=伊朗TT,🇮🇷
emoji=冰岛TT,🇮🇸
emoji=意大利TT,🇮🇹
emoji=泽西岛TT,🇯🇪
emoji=牙买加TT,🇯🇲
emoji=约旦TT,🇯🇴
emoji=日本TT,🇯🇵
emoji=肯尼亚TT,🇰🇪
emoji=吉尔吉斯斯坦TT,🇰🇬
emoji=柬埔寨TT,🇰🇭
emoji=基里巴斯TT,🇰🇮
emoji=科摩罗TT,🇰🇲
emoji=圣基茨和尼维斯TT,🇰🇳
emoji=朝鲜TT,🇰🇵
emoji=韩国TT,🇰🇷
emoji=科威特TT,🇰🇼
emoji=开曼TT,🇰🇾
emoji=哈萨克斯坦TT,🇰🇿
emoji=老挝TT,🇱🇦
emoji=黎巴嫩TT,🇱🇧
emoji=圣卢西亚TT,🇱🇨
emoji=列支敦士登TT,🇱🇮
emoji=斯里兰卡TT,🇱🇰
emoji=利比里亚TT,🇱🇷
emoji=莱索托TT,🇱🇸
emoji=立陶宛TT,🇱🇹
emoji=卢森堡TT,🇱🇺
emoji=拉脱维亚TT,🇱🇻
emoji=利比亚TT,🇱🇾
emoji=摩洛哥TT,🇲🇦
emoji=摩纳哥TT,🇲🇨
emoji=摩尔多瓦TT,🇲🇩
emoji=黑山TT,🇲🇪
emoji=法属圣马丁TT,🇲🇫
emoji=马达加斯加TT,🇲🇬
emoji=马绍尔TT,🇲🇭
emoji=北马其顿TT,🇲🇰
emoji=马里TT,🇲🇱
emoji=缅甸TT,🇲🇲
emoji=蒙古TT,🇲🇳
emoji=澳门TT,🇲🇴
emoji=北马里亚纳TT,🇲🇵
emoji=马提尼克TT,🇲🇶
emoji=毛里塔尼亚TT,🇲🇷
emoji=蒙特塞拉特TT,🇲🇸
emoji=马耳他TT,🇲🇹
emoji=毛里求斯TT,🇲🇺
emoji=马尔代夫TT,🇲🇻
emoji=马拉维TT,🇲🇼
emoji=墨西哥TT,🇲🇽
emoji=马来西亚TT,🇲🇾
emoji=莫桑比克TT,🇲🇿
emoji=纳米比亚TT,🇳🇦
emoji=新喀里多尼亚TT,🇳🇨
emoji=尼日尔TT,🇳🇪
emoji=诺福克岛TT,🇳🇫
emoji=尼日利亚TT,🇳🇬
emoji=尼加拉瓜TT,🇳🇮
emoji=荷兰TT,🇳🇱
emoji=挪威TT,🇳🇴
emoji=尼泊尔TT,🇳🇵
emoji=瑙鲁TT,🇳🇷
emoji=纽埃TT,🇳🇺
emoji=新西兰TT,🇳🇿
emoji=阿曼TT,🇴🇲
emoji=巴拿马TT,🇵🇦
emoji=秘鲁TT,🇵🇪
emoji=法属波利尼西亚TT,🇵🇫
emoji=巴布亚新几内亚TT,🇵🇬
emoji=菲律宾TT,🇵🇭
emoji=巴基斯坦TT,🇵🇰
emoji=波兰TT,🇵🇱
emoji=圣皮埃尔和密克隆TT,🇵🇲
emoji=皮特凯恩TT,🇵🇳
emoji=波多黎各TT,🇵🇷
emoji=巴勒斯坦领土TT,🇵🇸
emoji=葡萄牙TT,🇵🇹
emoji=帕劳TT,🇵🇼
emoji=巴拉圭TT,🇵🇾
emoji=卡塔尔TT,🇶🇦
emoji=留尼汪TT,🇷🇪
emoji=罗马尼亚TT,🇷🇴
emoji=塞尔维亚TT,🇷🇸
emoji=俄罗斯TT,🇷🇺
emoji=卢旺达TT,🇷🇼
emoji=沙特TT,🇸🇦
emoji=所罗门TT,🇸🇧
emoji=塞舌尔TT,🇸🇨
emoji=苏丹TT,🇸🇩
emoji=瑞典TT,🇸🇪
emoji=新加坡TT,🇸🇬
emoji=圣赫勒拿TT,🇸🇭
emoji=斯洛文尼亚TT,🇸🇮
emoji=斯瓦尔巴和扬马延TT,🇸🇯
emoji=斯洛伐克TT,🇸🇰
emoji=塞拉利昂TT,🇸🇱
emoji=圣马力诺TT,🇸🇲
emoji=塞内加尔TT,🇸🇳
emoji=索马里TT,🇸🇴
emoji=苏里南TT,🇸🇷
emoji=南苏丹TT,🇸🇸
emoji=圣多美和普林西比TT,🇸🇹
emoji=萨尔瓦多TT,🇸🇻
emoji=荷属圣马丁TT,🇸🇽
emoji=叙利亚TT,🇸🇾
emoji=斯威士兰TT,🇸🇿
emoji=特里斯坦-达库尼亚TT,🇹🇦
emoji=特克斯和凯科斯TT,🇹🇨
emoji=乍得TT,🇹🇩
emoji=法属南部领地TT,🇹🇫
emoji=多哥TT,🇹🇬
emoji=泰国TT,🇹🇭
emoji=塔吉克斯坦TT,🇹🇯
emoji=托克劳TT,🇹🇰
emoji=东帝汶TT,🇹🇱
emoji=土库曼斯坦TT,🇹🇲
emoji=突尼斯TT,🇹🇳
emoji=汤加TT,🇹🇴
emoji=土耳其TT,🇹🇷
emoji=特立尼达和多巴哥TT,🇹🇹
emoji=图瓦卢TT,🇹🇻
emoji=台湾TT,🇹🇼
emoji=坦桑尼亚TT,🇹🇿
emoji=乌克兰TT,🇺🇦
emoji=乌干达TT,🇺🇬
emoji=美国本土外小岛屿TT,🇺🇲
emoji=联合国TT,🇺🇳
emoji=美国TT,🇺🇸
emoji=乌拉圭TT,🇺🇾
emoji=乌兹别克斯坦TT,🇺🇿
emoji=梵蒂冈TT,🇻🇦
emoji=圣文森特和格林纳丁斯TT,🇻🇨
emoji=委内瑞拉TT,🇻🇪
emoji=维尔京TT,🇻🇬
emoji=维京TT,🇻🇮
emoji=越南TT,🇻🇳
emoji=瓦努阿图TT,🇻🇺
emoji=瓦利斯和富图纳TT,🇼🇫
emoji=萨摩亚TT,🇼🇸
emoji=科索沃TT,🇽🇰
emoji=也门TT,🇾🇪
emoji=马约特TT,🇾🇹
emoji=南非TT,🇿🇦
emoji=赞比亚TT,🇿🇲
emoji=津巴布韦TT,🇿🇼
